Datetime,Open,High,Low,Close,Volume,Adj Close,Prediction,Portfolio Value,Cumulative Returns,Drawdown
2024-07-13 04:06:00+00:00,69.18,69.21,69.18,69.21,3176,22,1,10000.0,,0.0
2024-07-13 04:07:00+00:00,69.21,69.21,69.19,69.2,3836,21,1,10000.0,0.0,0.0
2024-07-13 04:08:00+00:00,69.19,69.19,69.16,69.16,3155,27,0,10000.0,0.0,0.0
2024-07-13 04:09:00+00:00,69.17,69.17,69.15,69.15,7716,34,0,10000.0,0.0,0.0
2024-07-13 04:10:00+00:00,69.15,69.16,69.14,69.16,1162,20,0,10000.0,0.0,0.0
2024-07-13 04:11:00+00:00,69.16,69.18,69.14,69.14,1949,32,0,10000.0,0.0,0.0
2024-07-13 04:12:00+00:00,69.15,69.19,69.14,69.16,18255,60,0,10000.0,0.0,0.0
2024-07-13 04:13:00+00:00,69.17,69.17,69.15,69.16,1577,14,0,10000.0,0.0,0.0
2024-07-13 04:14:00+00:00,69.16,69.19,69.15,69.15,2947,22,0,10000.0,0.0,0.0
2024-07-13 04:15:00+00:00,69.15,69.3,69.13,69.29,365814,464,0,10000.0,0.0,0.0
2024-07-13 04:16:00+00:00,69.29,69.34,69.29,69.34,7392,31,0,10000.0,0.0,0.0
2024-07-13 04:17:00+00:00,69.35,69.35,69.31,69.32,16561,41,0,10000.0,0.0,0.0
2024-07-13 04:18:00+00:00,69.33,69.35,69.32,69.34,8297,25,0,10000.0,0.0,0.0
2024-07-13 04:19:00+00:00,69.35,69.35,69.3,69.3,9441,31,0,10000.0,0.0,0.0
2024-07-13 04:20:00+00:00,69.3,69.31,69.29,69.3,3577,33,0,10000.0,0.0,0.0
2024-07-13 04:21:00+00:00,69.3,69.31,69.29,69.31,1677,15,1,10000.0,0.0,0.0
2024-07-13 04:22:00+00:00,69.31,69.34,69.31,69.32,13485,48,0,10000.0,0.0,0.0
2024-07-13 04:23:00+00:00,69.31,69.32,69.27,69.29,20586,55,0,10000.0,0.0,0.0
2024-07-13 04:24:00+00:00,69.29,69.3,69.26,69.29,20209,59,0,10000.0,0.0,0.0
2024-07-13 04:25:00+00:00,69.3,69.35,69.29,69.34,8070,43,0,10000.0,0.0,0.0
2024-07-13 04:26:00+00:00,69.33,69.36,69.33,69.35,4785,27,0,10000.0,0.0,0.0
2024-07-13 04:27:00+00:00,69.35,69.36,69.35,69.35,3570,16,0,10000.0,0.0,0.0
2024-07-13 04:28:00+00:00,69.35,69.39,69.35,69.39,7666,29,0,10000.0,0.0,0.0
2024-07-13 04:29:00+00:00,69.39,69.39,69.39,69.39,1111,8,0,10000.0,0.0,0.0
2024-07-13 04:30:00+00:00,69.39,69.39,69.34,69.39,33508,65,0,10000.0,0.0,0.0
2024-07-13 04:31:00+00:00,69.39,69.6,69.39,69.56,110616,330,0,10000.0,0.0,0.0
2024-07-13 04:32:00+00:00,69.57,69.6,69.56,69.6,15908,52,0,10000.0,0.0,0.0
2024-07-13 04:33:00+00:00,69.6,69.61,69.56,69.56,23400,58,0,10000.0,0.0,0.0
2024-07-13 04:34:00+00:00,69.56,69.56,69.5,69.5,6837,28,0,10000.0,0.0,0.0
2024-07-13 04:35:00+00:00,69.51,69.54,69.49,69.53,21396,88,0,10000.0,0.0,0.0
2024-07-13 04:36:00+00:00,69.53,69.53,69.44,69.45,11856,71,0,10000.0,0.0,0.0
2024-07-13 04:37:00+00:00,69.45,69.45,69.43,69.44,530,13,0,10000.0,0.0,0.0
2024-07-13 04:38:00+00:00,69.43,69.45,69.43,69.45,1616,16,0,10000.0,0.0,0.0
2024-07-13 04:39:00+00:00,69.44,69.49,69.42,69.49,20220,57,0,10000.0,0.0,0.0
2024-07-13 04:40:00+00:00,69.5,69.51,69.43,69.44,26330,75,0,10000.0,0.0,0.0
2024-07-13 04:41:00+00:00,69.44,69.48,69.44,69.48,961,22,0,10000.0,0.0,0.0
2024-07-13 04:42:00+00:00,69.47,69.54,69.44,69.54,48457,116,0,10000.0,0.0,0.0
2024-07-13 04:43:00+00:00,69.54,69.56,69.53,69.54,3077,41,0,10000.0,0.0,0.0
2024-07-13 04:44:00+00:00,69.54,69.54,69.52,69.52,2951,26,0,10000.0,0.0,0.0
2024-07-13 04:45:00+00:00,69.53,69.58,69.52,69.57,1018,19,0,10000.0,0.0,0.0
2024-07-13 04:46:00+00:00,69.57,69.58,69.53,69.55,10711,27,0,10000.0,0.0,0.0
2024-07-13 04:47:00+00:00,69.55,69.58,69.55,69.57,2554,13,0,10000.0,0.0,0.0
2024-07-13 04:48:00+00:00,69.57,69.58,69.53,69.54,40850,80,0,10000.0,0.0,0.0
2024-07-13 04:49:00+00:00,69.54,69.54,69.5,69.5,2046,30,0,10000.0,0.0,0.0
2024-07-13 04:50:00+00:00,69.51,69.55,69.5,69.55,16856,47,0,10000.0,0.0,0.0
2024-07-13 04:51:00+00:00,69.55,69.58,69.55,69.57,5737,36,0,10000.0,0.0,0.0
2024-07-13 04:52:00+00:00,69.58,69.58,69.56,69.56,6797,35,0,10000.0,0.0,0.0
2024-07-13 04:53:00+00:00,69.56,69.56,69.52,69.52,7637,36,0,10000.0,0.0,0.0
2024-07-13 04:54:00+00:00,69.53,69.53,69.47,69.47,10093,48,0,10000.0,0.0,0.0
2024-07-13 04:55:00+00:00,69.48,69.48,69.44,69.45,8658,37,0,10000.0,0.0,0.0
2024-07-13 04:56:00+00:00,69.44,69.45,69.42,69.42,3034,27,0,10000.0,0.0,0.0
2024-07-13 04:57:00+00:00,69.42,69.42,69.39,69.4,12902,52,0,10000.0,0.0,0.0
2024-07-13 04:58:00+00:00,69.4,69.42,69.4,69.41,3643,19,0,10000.0,0.0,0.0
2024-07-13 04:59:00+00:00,69.42,69.42,69.41,69.41,794,13,0,10000.0,0.0,0.0
2024-07-13 05:00:00+00:00,69.42,69.42,69.4,69.4,3592,23,0,10000.0,0.0,0.0
2024-07-13 05:01:00+00:00,69.38,69.39,69.36,69.38,695,21,0,10000.0,0.0,0.0
2024-07-13 05:02:00+00:00,69.38,69.41,69.38,69.41,3592,25,0,10000.0,0.0,0.0
2024-07-13 05:03:00+00:00,69.4,69.44,69.4,69.44,1613,22,0,10000.0,0.0,0.0
2024-07-13 05:04:00+00:00,69.43,69.44,69.41,69.41,9892,37,0,10000.0,0.0,0.0
2024-07-13 05:05:00+00:00,69.42,69.45,69.42,69.44,10231,42,0,10000.0,0.0,0.0
2024-07-13 05:06:00+00:00,69.45,69.53,69.45,69.53,3062,30,0,10000.0,0.0,0.0
2024-07-13 05:07:00+00:00,69.53,69.58,69.53,69.57,1152,12,0,10000.0,0.0,0.0
2024-07-13 05:08:00+00:00,69.57,69.57,69.48,69.51,5617,43,0,10000.0,0.0,0.0
2024-07-13 05:09:00+00:00,69.51,69.58,69.51,69.58,6095,34,0,10000.0,0.0,0.0
2024-07-13 05:10:00+00:00,69.57,69.57,69.53,69.56,3635,39,0,10000.0,0.0,0.0
2024-07-13 05:11:00+00:00,69.56,69.62,69.56,69.61,5610,50,0,10000.0,0.0,0.0
2024-07-13 05:12:00+00:00,69.63,69.65,69.63,69.65,3107,32,0,10000.0,0.0,0.0
2024-07-13 05:13:00+00:00,69.65,69.71,69.65,69.71,8333,62,0,10000.0,0.0,0.0
2024-07-13 05:14:00+00:00,69.71,69.71,69.67,69.68,4078,29,0,10000.0,0.0,0.0
2024-07-13 05:15:00+00:00,69.69,69.7,69.68,69.68,2577,25,0,10000.0,0.0,0.0
2024-07-13 05:16:00+00:00,69.68,69.68,69.66,69.66,8106,41,0,10000.0,0.0,0.0
2024-07-13 05:17:00+00:00,69.66,69.67,69.66,69.66,1721,13,0,10000.0,0.0,0.0
2024-07-13 05:18:00+00:00,69.67,69.7,69.66,69.69,4312,38,0,10000.0,0.0,0.0
2024-07-13 05:19:00+00:00,69.7,69.73,69.68,69.69,6451,47,0,10000.0,0.0,0.0
2024-07-13 05:20:00+00:00,69.7,69.7,69.64,69.67,8361,55,0,10000.0,0.0,0.0
2024-07-13 05:21:00+00:00,69.69,69.7,69.66,69.7,20763,74,0,10000.0,0.0,0.0
2024-07-13 05:22:00+00:00,69.7,69.71,69.67,69.7,12552,42,0,10000.0,0.0,0.0
2024-07-13 05:23:00+00:00,69.71,69.71,69.7,69.7,175,6,0,10000.0,0.0,0.0
2024-07-13 05:24:00+00:00,69.71,69.71,69.69,69.71,5664,32,0,10000.0,0.0,0.0
2024-07-13 05:25:00+00:00,69.71,69.71,69.7,69.7,487,14,0,10000.0,0.0,0.0
2024-07-13 05:26:00+00:00,69.71,69.72,69.7,69.72,2110,18,0,10000.0,0.0,0.0
2024-07-13 05:27:00+00:00,69.71,69.74,69.71,69.72,3349,25,0,10000.0,0.0,0.0
2024-07-13 05:28:00+00:00,69.72,69.74,69.69,69.74,7678,52,0,10000.0,0.0,0.0
2024-07-13 05:29:00+00:00,69.73,69.73,69.71,69.72,6136,27,0,10000.0,0.0,0.0
2024-07-13 05:30:00+00:00,69.71,69.73,69.7,69.72,5991,35,0,10000.0,0.0,0.0
2024-07-13 05:31:00+00:00,69.72,69.76,69.72,69.72,29496,101,0,10000.0,0.0,0.0
2024-07-13 05:32:00+00:00,69.71,69.72,69.69,69.7,251,14,0,10000.0,0.0,0.0
2024-07-13 05:33:00+00:00,69.7,69.71,69.68,69.71,2369,96,0,10000.0,0.0,0.0
2024-07-13 05:34:00+00:00,69.7,69.72,69.68,69.72,4346,25,0,10000.0,0.0,0.0
2024-07-13 05:35:00+00:00,69.72,69.8,69.72,69.8,33673,174,0,10000.0,0.0,0.0
2024-07-13 05:36:00+00:00,69.8,69.9,69.78,69.88,7773,66,0,10000.0,0.0,0.0
2024-07-13 05:37:00+00:00,69.88,70.06,69.87,70.04,94884,359,0,10000.0,0.0,0.0
2024-07-13 05:38:00+00:00,70.05,70.28,70.04,70.26,66580,474,0,10000.0,0.0,0.0
2024-07-13 05:39:00+00:00,70.27,70.31,70.16,70.19,33423,221,0,10000.0,0.0,0.0
2024-07-13 05:40:00+00:00,70.19,70.2,70.14,70.15,4474,46,0,10000.0,0.0,0.0
2024-07-13 05:41:00+00:00,70.14,70.18,70.09,70.1,6558,82,0,10000.0,0.0,0.0
2024-07-13 05:42:00+00:00,70.09,70.2,70.06,70.18,52188,384,0,10000.0,0.0,0.0
2024-07-13 05:43:00+00:00,70.18,70.29,70.16,70.23,15989,127,0,10000.0,0.0,0.0
2024-07-13 05:44:00+00:00,70.23,70.23,70.19,70.2,4311,30,0,10000.0,0.0,0.0
2024-07-13 05:45:00+00:00,70.19,70.3,70.19,70.28,41993,119,0,10000.0,0.0,0.0
2024-07-13 05:46:00+00:00,70.28,70.36,70.17,70.17,47022,203,0,10000.0,0.0,0.0
2024-07-13 05:47:00+00:00,70.16,70.2,70.06,70.1,29420,177,0,10000.0,0.0,0.0
2024-07-13 05:48:00+00:00,70.12,70.15,70.05,70.08,9061,79,0,10000.0,0.0,0.0
2024-07-13 05:49:00+00:00,70.08,70.09,70.04,70.04,1395,25,0,10000.0,0.0,0.0
2024-07-13 05:50:00+00:00,70.04,70.08,70.03,70.03,14586,67,0,10000.0,0.0,0.0
2024-07-13 05:51:00+00:00,70.04,70.25,70.04,70.08,88038,300,0,10000.0,0.0,0.0
2024-07-13 05:52:00+00:00,70.07,70.13,70.06,70.11,2548,64,0,10000.0,0.0,0.0
2024-07-13 05:53:00+00:00,70.12,70.15,70.11,70.13,1762,36,0,10000.0,0.0,0.0
2024-07-13 05:54:00+00:00,70.13,70.15,70.08,70.09,11992,48,0,10000.0,0.0,0.0
2024-07-13 05:55:00+00:00,70.09,70.18,70.06,70.14,39613,149,0,10000.0,0.0,0.0
2024-07-13 05:56:00+00:00,70.13,70.13,70.1,70.1,2035,26,0,10000.0,0.0,0.0
2024-07-13 05:57:00+00:00,70.11,70.11,70.06,70.06,5019,32,0,10000.0,0.0,0.0
2024-07-13 05:58:00+00:00,70.06,70.07,70.04,70.05,4297,34,0,10000.0,0.0,0.0
2024-07-13 05:59:00+00:00,70.05,70.1,70.05,70.1,1078,21,0,10000.0,0.0,0.0
2024-07-13 06:00:00+00:00,70.1,70.14,70.1,70.12,3434,44,0,10000.0,0.0,0.0
2024-07-13 06:01:00+00:00,70.12,70.2,70.12,70.2,3648,42,0,10000.0,0.0,0.0
2024-07-13 06:02:00+00:00,70.2,70.2,70.12,70.2,16245,69,0,10000.0,0.0,0.0
2024-07-13 06:03:00+00:00,70.19,70.2,70.18,70.2,5475,28,0,10000.0,0.0,0.0
2024-07-13 06:04:00+00:00,70.2,70.23,70.17,70.21,6634,49,0,10000.0,0.0,0.0
2024-07-13 06:05:00+00:00,70.21,70.27,70.19,70.27,4616,43,0,10000.0,0.0,0.0
2024-07-13 06:06:00+00:00,70.27,70.33,70.24,70.26,48858,138,0,10000.0,0.0,0.0
2024-07-13 06:07:00+00:00,70.25,70.25,70.19,70.19,1569,22,0,10000.0,0.0,0.0
2024-07-13 06:08:00+00:00,70.2,70.2,70.16,70.16,3314,24,0,10000.0,0.0,0.0
2024-07-13 06:09:00+00:00,70.16,70.3,70.15,70.29,24527,114,0,10000.0,0.0,0.0
2024-07-13 06:10:00+00:00,70.28,70.29,70.23,70.24,6041,40,0,10000.0,0.0,0.0
2024-07-13 06:11:00+00:00,70.23,70.24,70.18,70.21,9986,50,0,10000.0,0.0,0.0
2024-07-13 06:12:00+00:00,70.21,70.23,70.21,70.22,1495,23,0,10000.0,0.0,0.0
2024-07-13 06:13:00+00:00,70.21,70.27,70.2,70.26,5488,39,0,10000.0,0.0,0.0
2024-07-13 06:14:00+00:00,70.25,70.25,70.2,70.22,1704,27,0,10000.0,0.0,0.0
2024-07-13 06:15:00+00:00,70.22,70.22,70.2,70.21,1101,13,0,10000.0,0.0,0.0
2024-07-13 06:16:00+00:00,70.21,70.23,70.19,70.22,5021,39,0,10000.0,0.0,0.0
2024-07-13 06:17:00+00:00,70.23,70.27,70.22,70.27,3764,32,0,10000.0,0.0,0.0
2024-07-13 06:18:00+00:00,70.28,70.29,70.24,70.27,3098,25,0,10000.0,0.0,0.0
2024-07-13 06:19:00+00:00,70.29,70.31,70.25,70.25,6334,37,0,10000.0,0.0,0.0
2024-07-13 06:20:00+00:00,70.26,70.26,70.19,70.23,9924,68,0,10000.0,0.0,0.0
2024-07-13 06:21:00+00:00,70.24,70.32,70.2,70.25,22922,142,0,10000.0,0.0,0.0
2024-07-13 06:22:00+00:00,70.26,70.29,70.26,70.27,8197,51,0,10000.0,0.0,0.0
2024-07-13 06:23:00+00:00,70.27,70.33,70.21,70.3,42018,168,0,10000.0,0.0,0.0
2024-07-13 06:24:00+00:00,70.29,70.38,70.27,70.38,20005,114,0,10000.0,0.0,0.0
2024-07-13 06:25:00+00:00,70.37,70.38,70.34,70.36,8963,70,0,10000.0,0.0,0.0
2024-07-13 06:26:00+00:00,70.37,70.42,70.35,70.42,10508,76,0,10000.0,0.0,0.0
2024-07-13 06:27:00+00:00,70.43,70.5,70.42,70.49,60674,226,0,10000.0,0.0,0.0
2024-07-13 06:28:00+00:00,70.5,70.5,70.39,70.39,51022,97,0,10000.0,0.0,0.0
2024-07-13 06:29:00+00:00,70.37,70.39,70.34,70.35,2019,33,0,10000.0,0.0,0.0
2024-07-13 06:30:00+00:00,70.34,70.37,70.29,70.29,12451,80,0,10000.0,0.0,0.0
2024-07-13 06:31:00+00:00,70.28,70.29,70.26,70.28,7662,56,0,10000.0,0.0,0.0
2024-07-13 06:32:00+00:00,70.29,70.32,70.27,70.28,37865,100,0,10000.0,0.0,0.0
2024-07-13 06:33:00+00:00,70.27,70.32,70.27,70.28,7561,64,0,10000.0,0.0,0.0
2024-07-13 06:34:00+00:00,70.29,70.3,70.28,70.3,3769,31,0,10000.0,0.0,0.0
2024-07-13 06:35:00+00:00,70.3,70.3,70.25,70.26,3052,43,0,10000.0,0.0,0.0
2024-07-13 06:36:00+00:00,70.27,70.29,70.25,70.26,3208,34,0,10000.0,0.0,0.0
2024-07-13 06:37:00+00:00,70.26,70.27,70.23,70.23,1476,23,0,10000.0,0.0,0.0
2024-07-13 06:38:00+00:00,70.24,70.24,70.2,70.21,2775,34,0,10000.0,0.0,0.0
2024-07-13 06:39:00+00:00,70.21,70.23,70.18,70.19,8468,47,0,10000.0,0.0,0.0
2024-07-13 06:40:00+00:00,70.18,70.19,70.14,70.16,1772,37,0,10000.0,0.0,0.0
2024-07-13 06:41:00+00:00,70.16,70.17,70.15,70.17,1536,22,0,10000.0,0.0,0.0
2024-07-13 06:42:00+00:00,70.15,70.2,70.02,70.03,112600,601,0,10000.0,0.0,0.0
2024-07-13 06:43:00+00:00,70.03,70.04,69.98,70.01,12547,123,0,10000.0,0.0,0.0
2024-07-13 06:44:00+00:00,70.0,70.03,70.0,70.02,1790,48,0,10000.0,0.0,0.0
2024-07-13 06:45:00+00:00,70.02,70.08,69.99,70.0,29469,118,0,10000.0,0.0,0.0
2024-07-13 06:46:00+00:00,69.99,70.05,69.97,70.04,10020,66,0,10000.0,0.0,0.0
2024-07-13 06:47:00+00:00,70.03,70.05,69.98,69.98,1466,27,0,10000.0,0.0,0.0
2024-07-13 06:48:00+00:00,69.98,69.98,69.95,69.98,1255,31,0,10000.0,0.0,0.0
2024-07-13 06:49:00+00:00,69.98,70.02,69.98,70.01,9959,55,0,10000.0,0.0,0.0
2024-07-13 06:50:00+00:00,70.01,70.05,70.0,70.01,2631,42,0,10000.0,0.0,0.0
2024-07-13 06:51:00+00:00,70.02,70.04,70.0,70.01,5567,44,0,10000.0,0.0,0.0
2024-07-13 06:52:00+00:00,70.02,70.04,70.0,70.04,8450,39,0,10000.0,0.0,0.0
2024-07-13 06:53:00+00:00,70.05,70.06,70.02,70.03,3248,28,0,10000.0,0.0,0.0
2024-07-13 06:54:00+00:00,70.03,70.04,70.01,70.01,2228,31,0,10000.0,0.0,0.0
2024-07-13 06:55:00+00:00,70.02,70.05,70.01,70.04,3660,37,0,10000.0,0.0,0.0
2024-07-13 06:56:00+00:00,70.04,70.05,70.03,70.05,961,16,0,10000.0,0.0,0.0
2024-07-13 06:57:00+00:00,70.05,70.17,70.05,70.12,7121,76,0,10000.0,0.0,0.0
2024-07-13 06:58:00+00:00,70.12,70.13,70.09,70.12,3206,25,0,10000.0,0.0,0.0
2024-07-13 06:59:00+00:00,70.12,70.12,70.04,70.08,18437,73,0,10000.0,0.0,0.0
2024-07-13 07:00:00+00:00,70.06,70.11,70.05,70.1,3832,48,0,10000.0,0.0,0.0
2024-07-13 07:01:00+00:00,70.08,70.11,70.05,70.08,22102,76,0,10000.0,0.0,0.0
2024-07-13 07:02:00+00:00,70.06,70.07,70.0,70.01,1661,42,0,10000.0,0.0,0.0
2024-07-13 07:03:00+00:00,70.0,70.02,69.99,70.0,3911,42,0,10000.0,0.0,0.0
2024-07-13 07:04:00+00:00,69.99,70.08,69.97,70.08,10937,49,0,10000.0,0.0,0.0
2024-07-13 07:05:00+00:00,70.08,70.08,70.07,70.08,262,8,0,10000.0,0.0,0.0
2024-07-13 07:06:00+00:00,70.08,70.13,70.08,70.12,1907,33,0,10000.0,0.0,0.0
2024-07-13 07:07:00+00:00,70.12,70.16,70.12,70.16,564,21,0,10000.0,0.0,0.0
2024-07-13 07:08:00+00:00,70.16,70.16,70.12,70.13,10416,48,0,10000.0,0.0,0.0
2024-07-13 07:09:00+00:00,70.13,70.17,70.1,70.17,3121,30,0,10000.0,0.0,0.0
2024-07-13 07:10:00+00:00,70.17,70.36,70.16,70.33,143140,304,0,10000.0,0.0,0.0
2024-07-13 07:11:00+00:00,70.33,70.4,70.33,70.35,61949,198,0,10000.0,0.0,0.0
2024-07-13 07:12:00+00:00,70.35,70.35,70.27,70.29,13683,67,0,10000.0,0.0,0.0
2024-07-13 07:13:00+00:00,70.28,70.37,70.28,70.37,7159,37,0,10000.0,0.0,0.0
2024-07-13 07:14:00+00:00,70.38,70.39,70.32,70.33,13370,63,0,10000.0,0.0,0.0
2024-07-13 07:15:00+00:00,70.33,70.33,70.28,70.28,938,30,0,10000.0,0.0,0.0
2024-07-13 07:16:00+00:00,70.29,70.33,70.27,70.27,7358,44,0,10000.0,0.0,0.0
2024-07-13 07:17:00+00:00,70.28,70.3,70.23,70.23,4692,66,0,10000.0,0.0,0.0
2024-07-13 07:18:00+00:00,70.22,70.37,70.22,70.36,86528,182,0,10000.0,0.0,0.0
2024-07-13 07:19:00+00:00,70.36,70.37,70.34,70.36,2960,34,0,10000.0,0.0,0.0
2024-07-13 07:20:00+00:00,70.34,70.39,70.34,70.34,9753,89,0,10000.0,0.0,0.0
2024-07-13 07:21:00+00:00,70.34,70.38,70.34,70.38,8150,33,0,10000.0,0.0,0.0
2024-07-13 07:22:00+00:00,70.38,70.38,70.37,70.38,2903,23,0,10000.0,0.0,0.0
2024-07-13 07:23:00+00:00,70.38,70.42,70.36,70.36,12628,66,0,10000.0,0.0,0.0
2024-07-13 07:24:00+00:00,70.36,70.41,70.35,70.36,14724,46,0,10000.0,0.0,0.0
2024-07-13 07:25:00+00:00,70.37,70.38,70.36,70.36,950,16,0,10000.0,0.0,0.0
2024-07-13 07:26:00+00:00,70.37,70.39,70.36,70.39,449,16,0,10000.0,0.0,0.0
2024-07-13 07:27:00+00:00,70.39,70.48,70.39,70.44,42358,138,0,10000.0,0.0,0.0
2024-07-13 07:28:00+00:00,70.44,70.47,70.41,70.43,20849,85,0,10000.0,0.0,0.0
2024-07-13 07:29:00+00:00,70.44,70.46,70.42,70.43,6403,35,0,10000.0,0.0,0.0
2024-07-13 07:30:00+00:00,70.44,70.47,70.44,70.44,2534,25,0,10000.0,0.0,0.0
2024-07-13 07:31:00+00:00,70.45,70.5,70.45,70.48,12072,49,0,10000.0,0.0,0.0
2024-07-13 07:32:00+00:00,70.48,70.49,70.47,70.49,1815,26,0,10000.0,0.0,0.0
2024-07-13 07:33:00+00:00,70.48,70.49,70.48,70.48,936,13,0,10000.0,0.0,0.0
2024-07-13 07:34:00+00:00,70.48,70.49,70.45,70.45,15048,23,0,10000.0,0.0,0.0
2024-07-13 07:35:00+00:00,70.44,70.44,70.41,70.41,5838,20,0,10000.0,0.0,0.0
2024-07-13 07:36:00+00:00,70.41,70.45,70.41,70.45,9243,34,0,10000.0,0.0,0.0
2024-07-13 07:37:00+00:00,70.46,70.5,70.46,70.5,2738,19,0,10000.0,0.0,0.0
2024-07-13 07:38:00+00:00,70.49,70.5,70.47,70.48,6072,35,0,10000.0,0.0,0.0
2024-07-13 07:39:00+00:00,70.47,70.49,70.46,70.48,5229,29,0,10000.0,0.0,0.0
2024-07-13 07:40:00+00:00,70.48,70.49,70.45,70.45,21233,54,0,10000.0,0.0,0.0
2024-07-13 07:41:00+00:00,70.46,70.51,70.46,70.5,7319,31,0,10000.0,0.0,0.0
2024-07-13 07:42:00+00:00,70.5,70.5,70.48,70.48,13353,32,0,10000.0,0.0,0.0
2024-07-13 07:43:00+00:00,70.48,70.48,70.46,70.47,1046,15,0,10000.0,0.0,0.0
2024-07-13 07:44:00+00:00,70.45,70.45,70.43,70.45,9917,54,0,10000.0,0.0,0.0
2024-07-13 07:45:00+00:00,70.44,70.49,70.44,70.48,3070,30,0,10000.0,0.0,0.0
2024-07-13 07:46:00+00:00,70.47,70.47,70.44,70.44,16817,42,0,10000.0,0.0,0.0
2024-07-13 07:47:00+00:00,70.45,70.53,70.44,70.53,36930,119,0,10000.0,0.0,0.0
2024-07-13 07:48:00+00:00,70.54,70.58,70.52,70.54,62619,170,0,10000.0,0.0,0.0
2024-07-13 07:49:00+00:00,70.52,70.52,70.47,70.51,58912,99,0,10000.0,0.0,0.0
2024-07-13 07:50:00+00:00,70.52,70.52,70.47,70.48,7269,36,0,10000.0,0.0,0.0
2024-07-13 07:51:00+00:00,70.47,70.49,70.46,70.48,627,22,0,10000.0,0.0,0.0
2024-07-13 07:52:00+00:00,70.49,70.49,70.46,70.47,1083,12,0,10000.0,0.0,0.0
2024-07-13 07:53:00+00:00,70.46,70.47,70.46,70.46,2586,19,0,10000.0,0.0,0.0
2024-07-13 07:54:00+00:00,70.46,70.47,70.43,70.44,2421,31,0,10000.0,0.0,0.0
2024-07-13 07:55:00+00:00,70.43,70.44,70.42,70.43,1744,21,0,10000.0,0.0,0.0
2024-07-13 07:56:00+00:00,70.42,70.43,70.4,70.4,4003,25,0,10000.0,0.0,0.0
2024-07-13 07:57:00+00:00,70.41,70.44,70.4,70.43,14207,39,0,10000.0,0.0,0.0
2024-07-13 07:58:00+00:00,70.42,70.42,70.4,70.42,3405,15,0,10000.0,0.0,0.0
2024-07-13 07:59:00+00:00,70.43,70.44,70.41,70.41,5656,25,0,10000.0,0.0,0.0
2024-07-13 08:00:00+00:00,70.4,70.44,70.4,70.42,1921,33,0,10000.0,0.0,0.0
2024-07-13 08:01:00+00:00,70.43,70.44,70.41,70.44,549,17,0,10000.0,0.0,0.0
2024-07-13 08:02:00+00:00,70.44,70.45,70.44,70.45,1222,13,2,10005.67778566359,0.000567778566359145,0.0
2024-07-13 08:03:00+00:00,70.44,70.49,70.44,70.49,13342,37,0,10005.67778566359,0.000567778566359145,0.0
2024-07-13 08:04:00+00:00,70.49,70.5,70.47,70.49,1375,20,0,10005.67778566359,0.000567778566359145,0.0
2024-07-13 08:05:00+00:00,70.49,70.58,70.49,70.57,12421,48,0,10005.67778566359,0.000567778566359145,0.0
2024-07-13 08:06:00+00:00,70.57,70.59,70.54,70.54,12954,51,0,10005.67778566359,0.000567778566359145,0.0
2024-07-13 08:07:00+00:00,70.54,70.54,70.48,70.49,8992,37,0,10005.67778566359,0.000567778566359145,0.0
2024-07-13 08:08:00+00:00,70.49,70.51,70.4,70.45,20044,123,0,10005.67778566359,0.000567778566359145,0.0
2024-07-13 08:09:00+00:00,70.46,70.5,70.45,70.49,3938,32,0,10005.67778566359,0.000567778566359145,0.0
2024-07-13 08:10:00+00:00,70.46,70.46,70.44,70.45,975,26,0,10005.67778566359,0.000567778566359145,0.0
2024-07-13 08:11:00+00:00,70.46,70.49,70.46,70.47,2304,26,0,10005.67778566359,0.000567778566359145,0.0
2024-07-13 08:12:00+00:00,70.46,70.47,70.45,70.47,5425,25,0,10005.67778566359,0.000567778566359145,0.0
2024-07-13 08:13:00+00:00,70.47,70.49,70.46,70.48,1277,22,0,10005.67778566359,0.000567778566359145,0.0
2024-07-13 08:14:00+00:00,70.47,70.5,70.47,70.5,6308,32,0,10005.67778566359,0.000567778566359145,0.0
2024-07-13 08:15:00+00:00,70.49,70.5,70.45,70.45,12659,238,0,10005.67778566359,0.000567778566359145,0.0
2024-07-13 08:16:00+00:00,70.46,70.49,70.46,70.48,11899,47,0,10005.67778566359,0.000567778566359145,0.0
2024-07-13 08:17:00+00:00,70.47,70.48,70.44,70.46,2375,33,0,10005.67778566359,0.000567778566359145,0.0
2024-07-13 08:18:00+00:00,70.46,70.47,70.44,70.46,1909,19,0,10005.67778566359,0.000567778566359145,0.0
2024-07-13 08:19:00+00:00,70.46,70.46,70.41,70.42,8451,30,0,10005.67778566359,0.000567778566359145,0.0
2024-07-13 08:20:00+00:00,70.43,70.45,70.42,70.43,2822,27,0,10005.67778566359,0.000567778566359145,0.0
2024-07-13 08:21:00+00:00,70.43,70.45,70.43,70.43,3870,21,0,10005.67778566359,0.000567778566359145,0.0
2024-07-13 08:22:00+00:00,70.41,70.41,70.4,70.41,1766,14,0,10005.67778566359,0.000567778566359145,0.0
2024-07-13 08:23:00+00:00,70.42,70.42,70.36,70.36,7777,36,0,10005.67778566359,0.000567778566359145,0.0
2024-07-13 08:24:00+00:00,70.37,70.4,70.36,70.37,8003,36,0,10005.67778566359,0.000567778566359145,0.0
2024-07-13 08:25:00+00:00,70.38,70.39,70.35,70.37,1892,23,0,10005.67778566359,0.000567778566359145,0.0
2024-07-13 08:26:00+00:00,70.37,70.38,70.35,70.38,2885,27,0,10005.67778566359,0.000567778566359145,0.0
2024-07-13 08:27:00+00:00,70.39,70.39,70.37,70.38,1060,21,0,10005.67778566359,0.000567778566359145,0.0
2024-07-13 08:28:00+00:00,70.38,70.38,70.36,70.37,3436,26,0,10005.67778566359,0.000567778566359145,0.0
2024-07-13 08:29:00+00:00,70.36,70.37,70.33,70.34,14891,46,0,10005.67778566359,0.000567778566359145,0.0
2024-07-13 08:30:00+00:00,70.35,70.35,70.34,70.34,3098,21,0,10005.67778566359,0.000567778566359145,0.0
2024-07-13 08:31:00+00:00,70.33,70.33,70.31,70.32,5873,36,0,10005.67778566359,0.000567778566359145,0.0
2024-07-13 08:32:00+00:00,70.31,70.31,70.28,70.31,28724,65,0,10005.67778566359,0.000567778566359145,0.0
2024-07-13 08:33:00+00:00,70.3,70.3,70.28,70.28,8709,40,0,10005.67778566359,0.000567778566359145,0.0
2024-07-13 08:34:00+00:00,70.29,70.3,70.27,70.28,5997,36,2,10005.67778566359,0.000567778566359145,0.0
2024-07-13 08:35:00+00:00,70.28,70.3,70.27,70.29,1597,19,0,10005.67778566359,0.000567778566359145,0.0
2024-07-13 08:36:00+00:00,70.29,70.3,70.28,70.28,2495,15,0,10005.67778566359,0.000567778566359145,0.0
2024-07-13 08:37:00+00:00,70.28,70.29,70.24,70.29,24326,56,0,10005.67778566359,0.000567778566359145,0.0
2024-07-13 08:38:00+00:00,70.3,70.3,70.29,70.29,2288,15,0,10005.67778566359,0.000567778566359145,0.0
2024-07-13 08:39:00+00:00,70.27,70.27,70.25,70.27,5334,25,0,10005.67778566359,0.000567778566359145,0.0
2024-07-13 08:40:00+00:00,70.27,70.27,70.26,70.27,8717,34,0,10005.67778566359,0.000567778566359145,0.0
2024-07-13 08:41:00+00:00,70.27,70.27,70.24,70.25,5250,27,0,10005.67778566359,0.000567778566359145,0.0
2024-07-13 08:42:00+00:00,70.27,70.28,70.27,70.27,1354,16,0,10005.67778566359,0.000567778566359145,0.0
2024-07-13 08:43:00+00:00,70.28,70.29,70.27,70.28,4974,31,0,10005.67778566359,0.000567778566359145,0.0
2024-07-13 08:44:00+00:00,70.29,70.29,70.28,70.28,978,17,0,10005.67778566359,0.000567778566359145,0.0
2024-07-13 08:45:00+00:00,70.29,70.3,70.23,70.24,7115,41,0,10005.67778566359,0.000567778566359145,0.0
2024-07-13 08:46:00+00:00,70.25,70.25,70.2,70.22,5994,31,0,10005.67778566359,0.000567778566359145,0.0
2024-07-13 08:47:00+00:00,70.23,70.27,70.23,70.26,3642,30,0,10005.67778566359,0.000567778566359145,0.0
2024-07-13 08:48:00+00:00,70.26,70.28,70.25,70.28,1228,21,0,10005.67778566359,0.000567778566359145,0.0
2024-07-13 08:49:00+00:00,70.28,70.32,70.27,70.31,8240,31,0,10005.67778566359,0.000567778566359145,0.0
2024-07-13 08:50:00+00:00,70.32,70.35,70.31,70.33,10923,49,0,10005.67778566359,0.000567778566359145,0.0
2024-07-13 08:51:00+00:00,70.33,70.34,70.26,70.26,9929,44,0,10005.67778566359,0.000567778566359145,0.0
2024-07-13 08:52:00+00:00,70.27,70.27,70.2,70.24,12656,43,0,10005.67778566359,0.000567778566359145,0.0
2024-07-13 08:53:00+00:00,70.26,70.29,70.26,70.26,1607,22,0,10005.67778566359,0.000567778566359145,0.0
2024-07-13 08:54:00+00:00,70.26,70.36,70.26,70.36,31610,91,0,10005.67778566359,0.000567778566359145,0.0
2024-07-13 08:55:00+00:00,70.37,70.38,70.35,70.37,2654,29,0,10005.67778566359,0.000567778566359145,0.0
2024-07-13 08:56:00+00:00,70.36,70.37,70.35,70.37,2065,24,0,10005.67778566359,0.000567778566359145,0.0
2024-07-13 08:57:00+00:00,70.39,70.42,70.34,70.35,14427,53,0,10005.67778566359,0.000567778566359145,0.0
2024-07-13 08:58:00+00:00,70.34,70.34,70.28,70.28,2273,23,0,10005.67778566359,0.000567778566359145,0.0
2024-07-13 08:59:00+00:00,70.27,70.31,70.25,70.31,4841,34,0,10005.67778566359,0.000567778566359145,0.0
2024-07-13 09:00:00+00:00,70.32,70.33,70.29,70.33,2417,25,0,10005.67778566359,0.000567778566359145,0.0
2024-07-13 09:01:00+00:00,70.33,70.38,70.3,70.32,10663,56,0,10005.67778566359,0.000567778566359145,0.0
2024-07-13 09:02:00+00:00,70.32,70.32,70.29,70.3,4595,31,0,10005.67778566359,0.000567778566359145,0.0
2024-07-13 09:03:00+00:00,70.29,70.32,70.29,70.32,1378,14,0,10005.67778566359,0.000567778566359145,0.0
2024-07-13 09:04:00+00:00,70.32,70.37,70.26,70.26,70963,202,0,10005.67778566359,0.000567778566359145,0.0
2024-07-13 09:05:00+00:00,70.26,70.33,70.24,70.33,4098,28,0,10005.67778566359,0.000567778566359145,0.0
2024-07-13 09:06:00+00:00,70.33,70.37,70.33,70.37,1698,30,0,10005.67778566359,0.000567778566359145,0.0
2024-07-13 09:07:00+00:00,70.36,70.36,70.32,70.34,4649,31,0,10005.67778566359,0.000567778566359145,0.0
2024-07-13 09:08:00+00:00,70.35,70.38,70.34,70.38,2283,24,0,10005.67778566359,0.000567778566359145,0.0
2024-07-13 09:09:00+00:00,70.38,70.38,70.35,70.37,3635,28,0,10005.67778566359,0.000567778566359145,0.0
2024-07-13 09:10:00+00:00,70.37,70.38,70.35,70.37,3661,29,0,10005.67778566359,0.000567778566359145,0.0
2024-07-13 09:11:00+00:00,70.38,70.38,70.37,70.38,1692,22,0,10005.67778566359,0.000567778566359145,0.0
2024-07-13 09:12:00+00:00,70.37,70.37,70.34,70.34,7328,34,0,10005.67778566359,0.000567778566359145,0.0
2024-07-13 09:13:00+00:00,70.35,70.35,70.32,70.32,3020,21,0,10005.67778566359,0.000567778566359145,0.0
2024-07-13 09:14:00+00:00,70.33,70.33,70.3,70.31,3627,20,0,10005.67778566359,0.000567778566359145,0.0
2024-07-13 09:15:00+00:00,70.3,70.3,70.27,70.28,1357,17,0,10005.67778566359,0.000567778566359145,0.0
2024-07-13 09:16:00+00:00,70.3,70.36,70.29,70.36,18938,56,0,10005.67778566359,0.000567778566359145,0.0
2024-07-13 09:17:00+00:00,70.37,70.39,70.33,70.33,10098,48,0,10005.67778566359,0.000567778566359145,0.0
2024-07-13 09:18:00+00:00,70.32,70.36,70.32,70.35,3222,24,0,10005.67778566359,0.000567778566359145,0.0
2024-07-13 09:19:00+00:00,70.35,70.39,70.28,70.34,199230,290,0,10005.67778566359,0.000567778566359145,0.0
2024-07-13 09:20:00+00:00,70.34,70.36,70.2,70.32,188451,403,0,10005.67778566359,0.000567778566359145,0.0
2024-07-13 09:21:00+00:00,70.33,70.33,70.28,70.29,7984,37,0,10005.67778566359,0.000567778566359145,0.0
2024-07-13 09:22:00+00:00,70.29,70.43,70.27,70.43,121284,236,0,10005.67778566359,0.000567778566359145,0.0
2024-07-13 09:23:00+00:00,70.43,70.44,70.39,70.41,38526,91,0,10005.67778566359,0.000567778566359145,0.0
2024-07-13 09:24:00+00:00,70.4,70.4,70.33,70.35,28291,86,0,10005.67778566359,0.000567778566359145,0.0
2024-07-13 09:25:00+00:00,70.34,70.34,70.31,70.33,4142,28,0,10005.67778566359,0.000567778566359145,0.0
2024-07-13 09:26:00+00:00,70.32,70.34,70.32,70.34,7361,35,0,10005.67778566359,0.000567778566359145,0.0
2024-07-13 09:27:00+00:00,70.34,70.37,70.32,70.37,20719,55,0,10005.67778566359,0.000567778566359145,0.0
2024-07-13 09:28:00+00:00,70.36,70.43,70.36,70.43,16010,61,0,10005.67778566359,0.000567778566359145,0.0
2024-07-13 09:29:00+00:00,70.42,70.45,70.39,70.42,9413,42,0,10005.67778566359,0.000567778566359145,0.0
2024-07-13 09:30:00+00:00,70.42,70.5,70.41,70.49,14948,122,0,10005.67778566359,0.000567778566359145,0.0
2024-07-13 09:31:00+00:00,70.5,70.51,70.43,70.44,10549,69,0,10005.67778566359,0.000567778566359145,0.0
2024-07-13 09:32:00+00:00,70.43,70.5,70.41,70.47,12804,61,0,10005.67778566359,0.000567778566359145,0.0
2024-07-13 09:33:00+00:00,70.49,70.53,70.44,70.51,13161,44,0,10005.67778566359,0.000567778566359145,0.0
2024-07-13 09:34:00+00:00,70.51,70.52,70.47,70.48,7287,43,0,10005.67778566359,0.000567778566359145,0.0
2024-07-13 09:35:00+00:00,70.48,70.53,70.47,70.47,12354,50,0,10005.67778566359,0.000567778566359145,0.0
2024-07-13 09:36:00+00:00,70.48,70.48,70.44,70.45,6685,41,0,10005.67778566359,0.000567778566359145,0.0
2024-07-13 09:37:00+00:00,70.46,70.53,70.45,70.53,7736,39,0,10005.67778566359,0.000567778566359145,0.0
2024-07-13 09:38:00+00:00,70.53,70.53,70.49,70.5,4997,29,0,10005.67778566359,0.000567778566359145,0.0
2024-07-13 09:39:00+00:00,70.49,70.53,70.49,70.52,5964,30,0,10005.67778566359,0.000567778566359145,0.0
2024-07-13 09:40:00+00:00,70.51,70.53,70.46,70.48,42098,88,0,10005.67778566359,0.000567778566359145,0.0
2024-07-13 09:41:00+00:00,70.51,70.52,70.48,70.5,7466,28,0,10005.67778566359,0.000567778566359145,0.0
2024-07-13 09:42:00+00:00,70.51,70.54,70.48,70.48,12024,54,0,10005.67778566359,0.000567778566359145,0.0
2024-07-13 09:43:00+00:00,70.48,70.5,70.48,70.48,6632,29,0,10005.67778566359,0.000567778566359145,0.0
2024-07-13 09:44:00+00:00,70.48,70.51,70.48,70.51,8056,50,0,10005.67778566359,0.000567778566359145,0.0
2024-07-13 09:45:00+00:00,70.51,70.54,70.51,70.53,6565,46,0,10005.67778566359,0.000567778566359145,0.0
2024-07-13 09:46:00+00:00,70.53,70.53,70.5,70.53,10718,45,0,10005.67778566359,0.000567778566359145,0.0
2024-07-13 09:47:00+00:00,70.53,70.55,70.51,70.53,7653,34,0,10005.67778566359,0.000567778566359145,0.0
2024-07-13 09:48:00+00:00,70.53,70.54,70.51,70.51,10876,48,0,10005.67778566359,0.000567778566359145,0.0
2024-07-13 09:49:00+00:00,70.51,70.53,70.51,70.52,1756,23,0,10005.67778566359,0.000567778566359145,0.0
2024-07-13 09:50:00+00:00,70.52,70.53,70.51,70.52,1586,23,0,10005.67778566359,0.000567778566359145,0.0
2024-07-13 09:51:00+00:00,70.51,70.57,70.51,70.56,11611,44,0,10005.67778566359,0.000567778566359145,0.0
2024-07-13 09:52:00+00:00,70.56,70.56,70.55,70.56,2170,28,0,10005.67778566359,0.000567778566359145,0.0
2024-07-13 09:53:00+00:00,70.55,70.55,70.46,70.47,92262,450,0,10005.67778566359,0.000567778566359145,0.0
2024-07-13 09:54:00+00:00,70.46,70.49,70.44,70.47,9335,41,0,10005.67778566359,0.000567778566359145,0.0
2024-07-13 09:55:00+00:00,70.47,70.68,70.47,70.59,136198,359,0,10005.67778566359,0.000567778566359145,0.0
2024-07-13 09:56:00+00:00,70.62,70.62,70.47,70.48,132145,519,0,10005.67778566359,0.000567778566359145,0.0
2024-07-13 09:57:00+00:00,70.49,70.62,70.46,70.58,99150,174,0,10005.67778566359,0.000567778566359145,0.0
2024-07-13 09:58:00+00:00,70.58,70.6,70.44,70.48,76819,342,0,10005.67778566359,0.000567778566359145,0.0
2024-07-13 09:59:00+00:00,70.5,70.52,70.48,70.51,21807,59,0,10005.67778566359,0.000567778566359145,0.0
2024-07-13 10:00:00+00:00,70.48,70.57,70.44,70.46,37066,193,0,10005.67778566359,0.000567778566359145,0.0
2024-07-13 10:01:00+00:00,70.46,70.47,70.4,70.4,15335,159,0,10005.67778566359,0.000567778566359145,0.0
2024-07-13 10:02:00+00:00,70.39,70.42,70.39,70.4,9245,46,0,10005.67778566359,0.000567778566359145,0.0
2024-07-13 10:03:00+00:00,70.4,70.4,70.35,70.38,25341,77,0,10005.67778566359,0.000567778566359145,0.0
2024-07-13 10:04:00+00:00,70.38,70.4,70.38,70.4,2704,22,0,10005.67778566359,0.000567778566359145,0.0
2024-07-13 10:05:00+00:00,70.39,70.42,70.39,70.42,3119,28,0,10005.67778566359,0.000567778566359145,0.0
2024-07-13 10:06:00+00:00,70.41,70.43,70.36,70.42,66561,112,0,10005.67778566359,0.000567778566359145,0.0
2024-07-13 10:07:00+00:00,70.42,70.46,70.4,70.46,7124,35,0,10005.67778566359,0.000567778566359145,0.0
2024-07-13 10:08:00+00:00,70.46,70.5,70.46,70.5,3440,28,5,10000.000805359667,8.053596678436747e-08,-0.0005673758865249832
2024-07-13 10:09:00+00:00,70.5,70.55,70.49,70.55,3563,24,0,10000.000805359667,8.053596678436747e-08,-0.0005673758865249832
2024-07-13 10:10:00+00:00,70.55,70.57,70.54,70.57,6196,58,0,10000.000805359667,8.053596678436747e-08,-0.0005673758865249832
2024-07-13 10:11:00+00:00,70.58,70.62,70.56,70.58,91026,139,0,10000.000805359667,8.053596678436747e-08,-0.0005673758865249832
2024-07-13 10:12:00+00:00,70.59,70.59,70.54,70.54,34867,70,0,10000.000805359667,8.053596678436747e-08,-0.0005673758865249832
2024-07-13 10:13:00+00:00,70.55,70.57,70.44,70.46,65610,323,0,10000.000805359667,8.053596678436747e-08,-0.0005673758865249832
2024-07-13 10:14:00+00:00,70.46,70.49,70.44,70.48,4799,28,0,10000.000805359667,8.053596678436747e-08,-0.0005673758865249832
2024-07-13 10:15:00+00:00,70.47,70.47,70.41,70.43,8871,49,0,10000.000805359667,8.053596678436747e-08,-0.0005673758865249832
2024-07-13 10:16:00+00:00,70.4,70.41,70.36,70.37,5250,39,0,10000.000805359667,8.053596678436747e-08,-0.0005673758865249832
2024-07-13 10:17:00+00:00,70.37,70.39,70.35,70.36,4265,22,0,10000.000805359667,8.053596678436747e-08,-0.0005673758865249832
2024-07-13 10:18:00+00:00,70.36,70.37,70.35,70.36,6906,38,0,10000.000805359667,8.053596678436747e-08,-0.0005673758865249832
2024-07-13 10:19:00+00:00,70.37,70.37,70.34,70.35,4685,24,0,10000.000805359667,8.053596678436747e-08,-0.0005673758865249832
2024-07-13 10:20:00+00:00,70.37,70.38,70.36,70.37,3380,27,0,10000.000805359667,8.053596678436747e-08,-0.0005673758865249832
2024-07-13 10:21:00+00:00,70.37,70.4,70.37,70.4,3120,90,0,10000.000805359667,8.053596678436747e-08,-0.0005673758865249832
2024-07-13 10:22:00+00:00,70.39,70.43,70.37,70.39,56918,90,0,10000.000805359667,8.053596678436747e-08,-0.0005673758865249832
2024-07-13 10:23:00+00:00,70.38,70.38,70.35,70.35,23357,51,0,10000.000805359667,8.053596678436747e-08,-0.0005673758865249832
2024-07-13 10:24:00+00:00,70.35,70.43,70.35,70.43,18375,58,0,10000.000805359667,8.053596678436747e-08,-0.0005673758865249832
2024-07-13 10:25:00+00:00,70.43,70.43,70.41,70.42,4678,35,0,10000.000805359667,8.053596678436747e-08,-0.0005673758865249832
2024-07-13 10:26:00+00:00,70.41,70.42,70.4,70.41,4007,27,0,10000.000805359667,8.053596678436747e-08,-0.0005673758865249832
2024-07-13 10:27:00+00:00,70.41,70.41,70.38,70.39,8972,27,0,10000.000805359667,8.053596678436747e-08,-0.0005673758865249832
2024-07-13 10:28:00+00:00,70.38,70.38,70.35,70.36,8769,27,0,10000.000805359667,8.053596678436747e-08,-0.0005673758865249832
2024-07-13 10:29:00+00:00,70.37,70.38,70.37,70.38,4613,21,0,10000.000805359667,8.053596678436747e-08,-0.0005673758865249832
2024-07-13 10:30:00+00:00,70.38,70.38,70.32,70.32,14099,45,0,10000.000805359667,8.053596678436747e-08,-0.0005673758865249832
2024-07-13 10:31:00+00:00,70.32,70.33,70.29,70.3,5642,30,0,10000.000805359667,8.053596678436747e-08,-0.0005673758865249832
2024-07-13 10:32:00+00:00,70.3,70.31,70.29,70.31,3957,19,0,10000.000805359667,8.053596678436747e-08,-0.0005673758865249832
2024-07-13 10:33:00+00:00,70.31,70.31,70.24,70.26,41973,68,0,10000.000805359667,8.053596678436747e-08,-0.0005673758865249832
2024-07-13 10:34:00+00:00,70.26,70.26,70.22,70.22,3388,29,0,10000.000805359667,8.053596678436747e-08,-0.0005673758865249832
2024-07-13 10:35:00+00:00,70.22,70.28,70.21,70.28,1994,24,0,10000.000805359667,8.053596678436747e-08,-0.0005673758865249832
2024-07-13 10:36:00+00:00,70.27,70.27,70.21,70.22,2674,22,0,10000.000805359667,8.053596678436747e-08,-0.0005673758865249832
2024-07-13 10:37:00+00:00,70.21,70.21,70.14,70.18,113089,179,0,10000.000805359667,8.053596678436747e-08,-0.0005673758865249832
2024-07-13 10:38:00+00:00,70.17,70.19,70.16,70.19,4337,27,0,10000.000805359667,8.053596678436747e-08,-0.0005673758865249832
2024-07-13 10:39:00+00:00,70.19,70.19,70.18,70.18,2874,26,0,10000.000805359667,8.053596678436747e-08,-0.0005673758865249832
2024-07-13 10:40:00+00:00,70.18,70.18,70.12,70.12,12015,51,0,10000.000805359667,8.053596678436747e-08,-0.0005673758865249832
2024-07-13 10:41:00+00:00,70.11,70.14,70.09,70.12,14249,58,0,10000.000805359667,8.053596678436747e-08,-0.0005673758865249832
2024-07-13 10:42:00+00:00,70.12,70.13,70.11,70.11,3190,23,0,10000.000805359667,8.053596678436747e-08,-0.0005673758865249832
2024-07-13 10:43:00+00:00,70.13,70.17,70.11,70.15,7210,34,0,10000.000805359667,8.053596678436747e-08,-0.0005673758865249832
2024-07-13 10:44:00+00:00,70.15,70.21,70.13,70.2,21202,65,0,10000.000805359667,8.053596678436747e-08,-0.0005673758865249832
2024-07-13 10:45:00+00:00,70.2,70.21,70.12,70.12,48871,82,0,10000.000805359667,8.053596678436747e-08,-0.0005673758865249832
2024-07-13 10:46:00+00:00,70.12,70.12,70.07,70.07,25743,95,0,10000.000805359667,8.053596678436747e-08,-0.0005673758865249832
2024-07-13 10:47:00+00:00,70.06,70.07,70.03,70.06,11927,55,0,10000.000805359667,8.053596678436747e-08,-0.0005673758865249832
2024-07-13 10:48:00+00:00,70.05,70.06,70.02,70.05,16976,61,0,10000.000805359667,8.053596678436747e-08,-0.0005673758865249832
2024-07-13 10:49:00+00:00,70.05,70.12,70.04,70.12,15045,66,0,10000.000805359667,8.053596678436747e-08,-0.0005673758865249832
2024-07-13 10:50:00+00:00,70.11,70.16,70.11,70.16,5518,37,0,10000.000805359667,8.053596678436747e-08,-0.0005673758865249832
2024-07-13 10:51:00+00:00,70.15,70.16,70.12,70.12,9942,46,0,10000.000805359667,8.053596678436747e-08,-0.0005673758865249832
2024-07-13 10:52:00+00:00,70.13,70.18,70.12,70.18,6164,28,0,10000.000805359667,8.053596678436747e-08,-0.0005673758865249832
2024-07-13 10:53:00+00:00,70.18,70.18,70.17,70.17,262,8,0,10000.000805359667,8.053596678436747e-08,-0.0005673758865249832
2024-07-13 10:54:00+00:00,70.18,70.18,70.12,70.13,6308,21,0,10000.000805359667,8.053596678436747e-08,-0.0005673758865249832
2024-07-13 10:55:00+00:00,70.13,70.17,70.13,70.15,3974,24,0,10000.000805359667,8.053596678436747e-08,-0.0005673758865249832
2024-07-13 10:56:00+00:00,70.16,70.19,70.16,70.16,10273,34,0,10000.000805359667,8.053596678436747e-08,-0.0005673758865249832
2024-07-13 10:57:00+00:00,70.16,70.2,70.15,70.2,11011,43,0,10000.000805359667,8.053596678436747e-08,-0.0005673758865249832
2024-07-13 10:58:00+00:00,70.2,70.2,70.18,70.18,2530,22,0,10000.000805359667,8.053596678436747e-08,-0.0005673758865249832
2024-07-13 10:59:00+00:00,70.18,70.18,70.15,70.17,2671,29,0,10000.000805359667,8.053596678436747e-08,-0.0005673758865249832
2024-07-13 11:00:00+00:00,70.16,70.16,70.08,70.08,6829,48,2,10001.427746113855,0.00014277461138556546,-0.0004247627837691336
2024-07-13 11:01:00+00:00,70.09,70.09,70.08,70.09,1383,20,0,10001.427746113855,0.00014277461138556546,-0.0004247627837691336
2024-07-13 11:02:00+00:00,70.08,70.09,70.04,70.09,11749,42,0,10001.427746113855,0.00014277461138556546,-0.0004247627837691336
2024-07-13 11:03:00+00:00,70.08,70.09,70.06,70.07,3566,32,0,10001.427746113855,0.00014277461138556546,-0.0004247627837691336
2024-07-13 11:04:00+00:00,70.06,70.07,70.05,70.05,4105,27,0,10001.427746113855,0.00014277461138556546,-0.0004247627837691336
2024-07-13 11:05:00+00:00,70.05,70.09,70.04,70.09,5966,26,0,10001.427746113855,0.00014277461138556546,-0.0004247627837691336
2024-07-13 11:06:00+00:00,70.08,70.09,70.06,70.06,4896,23,0,10001.427746113855,0.00014277461138556546,-0.0004247627837691336
2024-07-13 11:07:00+00:00,70.07,70.07,70.03,70.03,3389,19,0,10001.427746113855,0.00014277461138556546,-0.0004247627837691336
2024-07-13 11:08:00+00:00,70.03,70.04,70.01,70.03,8577,43,0,10001.427746113855,0.00014277461138556546,-0.0004247627837691336
2024-07-13 11:09:00+00:00,70.02,70.04,70.02,70.03,2131,17,0,10001.427746113855,0.00014277461138556546,-0.0004247627837691336
2024-07-13 11:10:00+00:00,70.04,70.05,69.99,70.04,39721,92,0,10001.427746113855,0.00014277461138556546,-0.0004247627837691336
2024-07-13 11:11:00+00:00,70.04,70.08,70.04,70.07,11815,46,0,10001.427746113855,0.00014277461138556546,-0.0004247627837691336
2024-07-13 11:12:00+00:00,70.07,70.09,70.07,70.09,2457,26,0,10001.427746113855,0.00014277461138556546,-0.0004247627837691336
2024-07-13 11:13:00+00:00,70.09,70.09,70.03,70.05,2173,18,0,10001.427746113855,0.00014277461138556546,-0.0004247627837691336
2024-07-13 11:14:00+00:00,70.04,70.05,70.04,70.05,2257,21,0,10001.427746113855,0.00014277461138556546,-0.0004247627837691336
2024-07-13 11:15:00+00:00,70.05,70.05,70.0,70.0,7141,33,0,10001.427746113855,0.00014277461138556546,-0.0004247627837691336
2024-07-13 11:16:00+00:00,70.0,70.01,69.99,70.0,7182,42,0,10001.427746113855,0.00014277461138556546,-0.0004247627837691336
2024-07-13 11:17:00+00:00,70.0,70.0,69.98,70.0,8430,34,0,10001.427746113855,0.00014277461138556546,-0.0004247627837691336
2024-07-13 11:18:00+00:00,70.01,70.01,69.9,69.95,62727,219,0,10001.427746113855,0.00014277461138556546,-0.0004247627837691336
2024-07-13 11:19:00+00:00,69.95,69.99,69.94,69.99,17718,45,0,10001.427746113855,0.00014277461138556546,-0.0004247627837691336
2024-07-13 11:20:00+00:00,69.98,70.01,69.97,70.0,5938,41,0,10001.427746113855,0.00014277461138556546,-0.0004247627837691336
2024-07-13 11:21:00+00:00,70.01,70.01,69.97,69.97,1871,21,0,10001.427746113855,0.00014277461138556546,-0.0004247627837691336
2024-07-13 11:22:00+00:00,69.98,70.0,69.97,69.99,13236,32,0,10001.427746113855,0.00014277461138556546,-0.0004247627837691336
2024-07-13 11:23:00+00:00,70.0,70.0,69.97,69.98,3850,30,0,10001.427746113855,0.00014277461138556546,-0.0004247627837691336
2024-07-13 11:24:00+00:00,69.98,69.98,69.96,69.97,1675,17,0,10001.427746113855,0.00014277461138556546,-0.0004247627837691336
2024-07-13 11:25:00+00:00,69.97,70.07,69.97,70.07,27626,60,0,10001.427746113855,0.00014277461138556546,-0.0004247627837691336
2024-07-13 11:26:00+00:00,70.06,70.08,70.04,70.05,6731,53,0,10001.427746113855,0.00014277461138556546,-0.0004247627837691336
2024-07-13 11:27:00+00:00,70.05,70.06,70.04,70.04,2906,28,0,10001.427746113855,0.00014277461138556546,-0.0004247627837691336
2024-07-13 11:28:00+00:00,70.05,70.06,70.04,70.05,2317,28,0,10001.427746113855,0.00014277461138556546,-0.0004247627837691336
2024-07-13 11:29:00+00:00,70.05,70.05,69.97,69.98,33735,52,0,10001.427746113855,0.00014277461138556546,-0.0004247627837691336
2024-07-13 11:30:00+00:00,69.98,70.0,69.97,70.0,7928,39,0,10001.427746113855,0.00014277461138556546,-0.0004247627837691336
2024-07-13 11:31:00+00:00,69.99,70.0,69.97,70.0,2657,21,0,10001.427746113855,0.00014277461138556546,-0.0004247627837691336
2024-07-13 11:32:00+00:00,69.99,70.11,69.99,70.07,52243,163,0,10001.427746113855,0.00014277461138556546,-0.0004247627837691336
2024-07-13 11:33:00+00:00,70.05,70.09,69.99,70.07,59592,126,0,10001.427746113855,0.00014277461138556546,-0.0004247627837691336
2024-07-13 11:34:00+00:00,70.08,70.09,70.04,70.04,17028,54,0,10001.427746113855,0.00014277461138556546,-0.0004247627837691336
2024-07-13 11:35:00+00:00,70.04,70.06,70.04,70.05,7279,36,0,10001.427746113855,0.00014277461138556546,-0.0004247627837691336
2024-07-13 11:36:00+00:00,70.05,70.06,70.01,70.06,23644,83,0,10001.427746113855,0.00014277461138556546,-0.0004247627837691336
2024-07-13 11:37:00+00:00,70.05,70.08,70.04,70.04,10700,38,0,10001.427746113855,0.00014277461138556546,-0.0004247627837691336
2024-07-13 11:38:00+00:00,70.05,70.08,70.04,70.07,17373,32,0,10001.427746113855,0.00014277461138556546,-0.0004247627837691336
2024-07-13 11:39:00+00:00,70.07,70.07,70.06,70.07,3064,28,0,10001.427746113855,0.00014277461138556546,-0.0004247627837691336
2024-07-13 11:40:00+00:00,70.07,70.09,70.06,70.09,2671,28,0,10001.427746113855,0.00014277461138556546,-0.0004247627837691336
2024-07-13 11:41:00+00:00,70.09,70.09,70.04,70.05,2208,25,0,10001.427746113855,0.00014277461138556546,-0.0004247627837691336
2024-07-13 11:42:00+00:00,70.04,70.05,70.01,70.01,10597,23,0,10001.427746113855,0.00014277461138556546,-0.0004247627837691336
2024-07-13 11:43:00+00:00,70.02,70.03,70.01,70.01,5284,32,0,10001.427746113855,0.00014277461138556546,-0.0004247627837691336
2024-07-13 11:44:00+00:00,70.02,70.03,69.94,69.95,18939,93,0,10001.427746113855,0.00014277461138556546,-0.0004247627837691336
2024-07-13 11:45:00+00:00,69.94,69.95,69.92,69.94,9573,28,0,10001.427746113855,0.00014277461138556546,-0.0004247627837691336
2024-07-13 11:46:00+00:00,69.94,69.95,69.93,69.95,4592,27,0,10001.427746113855,0.00014277461138556546,-0.0004247627837691336
2024-07-13 11:47:00+00:00,69.94,70.0,69.93,69.99,20428,60,0,10001.427746113855,0.00014277461138556546,-0.0004247627837691336
2024-07-13 11:48:00+00:00,69.99,69.99,69.94,69.95,5910,30,0,10001.427746113855,0.00014277461138556546,-0.0004247627837691336
2024-07-13 11:49:00+00:00,69.95,69.99,69.95,69.99,3785,25,0,10001.427746113855,0.00014277461138556546,-0.0004247627837691336
2024-07-13 11:50:00+00:00,69.98,69.99,69.94,69.94,7595,37,0,10001.427746113855,0.00014277461138556546,-0.0004247627837691336
2024-07-13 11:51:00+00:00,69.95,69.96,69.91,69.95,6854,34,0,10001.427746113855,0.00014277461138556546,-0.0004247627837691336
2024-07-13 11:52:00+00:00,69.95,69.97,69.94,69.95,2484,26,0,10001.427746113855,0.00014277461138556546,-0.0004247627837691336
2024-07-13 11:53:00+00:00,69.96,69.97,69.96,69.96,674,11,0,10001.427746113855,0.00014277461138556546,-0.0004247627837691336
2024-07-13 11:54:00+00:00,69.97,69.98,69.96,69.98,7820,27,0,10001.427746113855,0.00014277461138556546,-0.0004247627837691336
2024-07-13 11:55:00+00:00,69.99,70.0,69.95,69.98,14900,60,0,10001.427746113855,0.00014277461138556546,-0.0004247627837691336
2024-07-13 11:56:00+00:00,69.98,69.99,69.96,69.98,2477,28,0,10001.427746113855,0.00014277461138556546,-0.0004247627837691336
2024-07-13 11:57:00+00:00,69.97,69.98,69.95,69.95,3236,32,0,10001.427746113855,0.00014277461138556546,-0.0004247627837691336
2024-07-13 11:58:00+00:00,69.96,69.96,69.95,69.96,973,25,0,10001.427746113855,0.00014277461138556546,-0.0004247627837691336
2024-07-13 11:59:00+00:00,69.96,69.96,69.96,69.96,2224,18,0,10001.427746113855,0.00014277461138556546,-0.0004247627837691336
2024-07-13 12:00:00+00:00,69.96,70.0,69.96,69.98,5528,42,0,10001.427746113855,0.00014277461138556546,-0.0004247627837691336
2024-07-13 12:01:00+00:00,69.99,70.01,69.97,69.99,3590,38,0,10001.427746113855,0.00014277461138556546,-0.0004247627837691336
2024-07-13 12:02:00+00:00,69.99,70.03,69.99,69.99,18629,51,0,10001.427746113855,0.00014277461138556546,-0.0004247627837691336
2024-07-13 12:03:00+00:00,69.99,69.99,69.96,69.96,3621,25,0,10001.427746113855,0.00014277461138556546,-0.0004247627837691336
2024-07-13 12:04:00+00:00,69.96,70.0,69.95,70.0,11285,37,0,10001.427746113855,0.00014277461138556546,-0.0004247627837691336
2024-07-13 12:05:00+00:00,69.99,69.99,69.94,69.94,3382,44,0,10001.427746113855,0.00014277461138556546,-0.0004247627837691336
2024-07-13 12:06:00+00:00,69.94,70.01,69.92,70.01,10075,40,0,10001.427746113855,0.00014277461138556546,-0.0004247627837691336
2024-07-13 12:07:00+00:00,70.0,70.0,69.97,69.98,7403,32,0,10001.427746113855,0.00014277461138556546,-0.0004247627837691336
2024-07-13 12:08:00+00:00,69.98,69.99,69.97,69.99,1942,33,0,10001.427746113855,0.00014277461138556546,-0.0004247627837691336
2024-07-13 12:09:00+00:00,69.98,69.99,69.95,69.95,2384,24,0,10001.427746113855,0.00014277461138556546,-0.0004247627837691336
2024-07-13 12:10:00+00:00,69.96,69.96,69.91,69.91,2358,27,0,10001.427746113855,0.00014277461138556546,-0.0004247627837691336
2024-07-13 12:11:00+00:00,69.91,69.92,69.9,69.9,7119,52,0,10001.427746113855,0.00014277461138556546,-0.0004247627837691336
2024-07-13 12:12:00+00:00,69.9,69.93,69.89,69.9,6353,39,0,10001.427746113855,0.00014277461138556546,-0.0004247627837691336
2024-07-13 12:13:00+00:00,69.92,69.94,69.92,69.94,1472,19,0,10001.427746113855,0.00014277461138556546,-0.0004247627837691336
2024-07-13 12:14:00+00:00,69.95,69.95,69.92,69.93,1272,33,0,10001.427746113855,0.00014277461138556546,-0.0004247627837691336
2024-07-13 12:15:00+00:00,69.93,69.98,69.93,69.94,18026,67,0,10001.427746113855,0.00014277461138556546,-0.0004247627837691336
2024-07-13 12:16:00+00:00,69.94,69.96,69.93,69.96,2500,26,0,10001.427746113855,0.00014277461138556546,-0.0004247627837691336
2024-07-13 12:17:00+00:00,69.96,69.96,69.95,69.96,1448,17,0,10001.427746113855,0.00014277461138556546,-0.0004247627837691336
2024-07-13 12:18:00+00:00,69.96,69.97,69.93,69.94,2712,25,0,10001.427746113855,0.00014277461138556546,-0.0004247627837691336
2024-07-13 12:19:00+00:00,69.93,69.94,69.92,69.94,2278,17,0,10001.427746113855,0.00014277461138556546,-0.0004247627837691336
2024-07-13 12:20:00+00:00,69.94,69.97,69.94,69.96,1851,23,0,10001.427746113855,0.00014277461138556546,-0.0004247627837691336
2024-07-13 12:21:00+00:00,69.95,70.03,69.92,69.93,78046,186,0,10001.427746113855,0.00014277461138556546,-0.0004247627837691336
2024-07-13 12:22:00+00:00,69.93,69.96,69.9,69.96,3122,41,0,10001.427746113855,0.00014277461138556546,-0.0004247627837691336
2024-07-13 12:23:00+00:00,69.95,69.96,69.94,69.95,1928,22,0,10001.427746113855,0.00014277461138556546,-0.0004247627837691336
2024-07-13 12:24:00+00:00,69.95,69.96,69.93,69.94,2392,19,0,10001.427746113855,0.00014277461138556546,-0.0004247627837691336
2024-07-13 12:25:00+00:00,69.93,69.93,69.93,69.93,2704,5,0,10001.427746113855,0.00014277461138556546,-0.0004247627837691336
